<FF_IT_AP_P_S table="XCHLIB.ITAP00000">
    <row>
        <APITEM type="1" typename="char">AK-S30         </APITEM>
        <APQAVL type="2" typename="numeric">20</APQAVL>
    </row>
    <row>
        <APITEM type="1" typename="char">90500H         </APITEM>
        <APQAVL type="2" typename="numeric">2159</APQAVL>
    </row>
    <row>
        <APITEM type="1" typename="char">AP60218        </APITEM>
        <APQAVL type="2" typename="numeric">68</APQAVL>
    </row>
    <row>
        <APITEM type="1" typename="char">ATIGLOW200P    </APITEM>
        <APQAVL type="2" typename="numeric">23</APQAVL>
    </row>
    <row>
        <APITEM type="1" typename="char">ATIGLOW201P    </APITEM>
        <APQAVL type="2" typename="numeric">6</APQAVL>
    </row>
    <row>
        <APITEM type="1" typename="char">ATIGOMNIHA300  </APITEM>
        <APQAVL type="2" typename="numeric">5</APQAVL>
    </row>
    <row>
        <APITEM type="1" typename="char">AP60218        </APITEM>
        <APQAVL type="2" typename="numeric">68</APQAVL>
    </row>
    <row>
        <APITEM type="1" typename="char">90451R         </APITEM>
        <APQAVL type="2" typename="numeric">392</APQAVL>
    </row>
    <row>
        <APITEM type="1" typename="char">90500H         </APITEM>
        <APQAVL type="2" typename="numeric">2159</APQAVL>
    </row>
</FF_IT_AP_P_S>
